extraId,subType,uiPosition
5318d450e4b066208a63279d,CAROUSEL,undefined
53195d76e4b066208a6327b1,CAROUSEL,undefined
5319b6e6e4b0f195a781010f,CAROUSEL,DEFAULT
534e3f19e4b0f015002f5a61,CAROUSEL,undefined
535f3b3ee4b02008b6c9ad5d,CAROUSEL,DEFAULT
537dd3ace4b0ada7a3bfede9,CAROUSEL,undefined
537ef778e4b0ada7a3bfedf3,CAROUSEL,undefined
5385d39ae4b00fbb8e898651,CAROUSEL,undefined
5385d3a8e4b00fbb8e898652,CAROUSEL,undefined
53903184e4b0cd8f328c0c1a,CAROUSEL,DEFAULT
53a3f347e4b012c063b87fce,CAROUSEL,undefined
53e2027ce4b07ee7365f29d5,CAROUSEL,DEFAULT
53f43a67e4b07b82e79a9b2e,CAROUSEL,undefined
5409acb3e4b07b44e9dc63de,CAROUSEL,undefined
5410474ae4b0904615b980cb,CAROUSEL,undefined
5433c9ede4b0251e790f9945,CAROUSEL,undefined
543d1558e4b0cf4172ff8d61,CAROUSEL,undefined
5450057de4b0bd629b51884f,CAROUSEL,DEFAULT
5458c155e4b02650ea9d02d5,CAROUSEL,undefined
545b50c9e4b0af1a81424b29,CAROUSEL,undefined
546b2b67e4b0b4068b68a015,CAROUSEL,undefined
54730f96e4b0cfb8bb37ee5c,CAROUSEL,undefined
547dade6e4b002e2db3b367d,CAROUSEL,DEFAULT
547dae28e4b002e2db3b367e,CAROUSEL,undefined
54c22f2de4b0cd706d4b0670,CAROUSEL,undefined
54cb0c90e4b04263ba06ad72,CAROUSEL,DEFAULT
54cb6fabe4b04263ba06ad98,CAROUSEL,undefined
54d9fa66e4b0d09a18e611fc,CAROUSEL,undefined
551d1c1ee4b0297fa1beebcd,CAROUSEL,BOTTOM
55239f36e4b0ec226528a13a,CAROUSEL,DEFAULT
55239f87e4b0ec226528a13d,CAROUSEL,DEFAULT
55279e0ce4b0c3ee4c9faad6,CAROUSEL,DEFAULT
55388b54e4b099bcc1225caa,CAROUSEL,BOTTOM
5539dff8e4b09639b4f30375,CAROUSEL,undefined
5539e03de4b09639b4f30376,CAROUSEL,undefined
555ec175e4b0904236570c34,CAROUSEL,undefined
559b76eee4b006f45f33060f,CAROUSEL,undefined
559e192be4b093affc00a70d,CAROUSEL,DEFAULT
559f6a87e4b0c0b7288dadb6,CAROUSEL,BOTTOM
55c327c7e4b0690f0cf03cd0,CAROUSEL,undefined
55c32802e4b07950e0c62655,CAROUSEL,undefined
55cf3ff0e4b022974f90587d,CAROUSEL,DEFAULT
55d582f2e4b01b335d2c3c0b,CAROUSEL,DEFAULT
55d705e2e4b095ebb6ce1253,CAROUSEL,DEFAULT
55d70604e4b0afa0cbd1e486,CAROUSEL,DEFAULT
5600f023e4b0ae4b1d0d77ea,CAROUSEL,undefined
5626200ce4b0cdf5d83c5cb4,CAROUSEL,DEFAULT
5891cfb0cc52c7585e67a1ec,CAROUSEL,DEFAULT
58934847db4bc65a2c7ac7a2,CAROUSEL,DEFAULT
